Datum;DeltaAnzahlVortag;DeltaGeheiltVortag;DeltaTotVortag;DeltaAktivVortag;DeltaTestGesamtVortag
26.02.2020 00:00:00;1;0;0;1;0
27.02.2020 00:00:00;2;0;0;2;0
28.02.2020 00:00:00;4;0;0;4;0
29.02.2020 00:00:00;1;0;0;1;0
01.03.2020 00:00:00;4;0;0;4;0
02.03.2020 00:00:00;5;0;0;5;0
03.03.2020 00:00:00;6;0;0;6;0
04.03.2020 00:00:00;14;0;0;14;0
05.03.2020 00:00:00;9;2;0;7;0
06.03.2020 00:00:00;29;0;0;29;0
07.03.2020 00:00:00;23;0;0;23;0
08.03.2020 00:00:00;28;0;0;28;0
09.03.2020 00:00:00;22;0;0;22;0
10.03.2020 00:00:00;55;1;0;54;0
11.03.2020 00:00:00;108;1;0;107;0
12.03.2020 00:00:00;96;3;1;92;0
13.03.2020 00:00:00;181;0;0;181;0
14.03.2020 00:00:00;183;3;1;179;0
15.03.2020 00:00:00;170;4;1;165;0
16.03.2020 00:00:00;35;11;3;21;0
17.03.2020 00:00:00;40;2;1;37;0
18.03.2020 00:00:00;29;2;3;24;0
19.03.2020 00:00:00;34;4;2;28;0
20.03.2020 00:00:00;53;5;3;45;0
21.03.2020 00:00:00;82;9;2;71;0
22.03.2020 00:00:00;74;9;4;61;0
23.03.2020 00:00:00;553;51;8;494;0
24.03.2020 00:00:00;645;67;8;570;0
25.03.2020 00:00:00;668;67;6;595;0
26.03.2020 00:00:00;1008;92;9;907;0
27.03.2020 00:00:00;784;157;13;614;0
28.03.2020 00:00:00;611;112;12;487;0
29.03.2020 00:00:00;544;116;13;415;0
30.03.2020 00:00:00;664;161;19;484;0
31.03.2020 00:00:00;547;153;15;379;0
01.04.2020 00:00:00;546;130;11;405;16834
02.04.2020 00:00:00;433;176;18;239;75356
03.04.2020 00:00:00;409;242;16;151;6153
04.04.2020 00:00:00;248;299;18;-69;5791
05.04.2020 00:00:00;183;205;20;-42;4282
06.04.2020 00:00:00;303;465;28;-190;2880
07.04.2020 00:00:00;288;364;26;-102;3939
08.04.2020 00:00:00;287;502;16;-231;5520
09.04.2020 00:00:00;276;497;22;-243;5532
10.04.2020 00:00:00;357;533;21;-197;8456
11.04.2020 00:00:00;203;364;17;-178;6232
12.04.2020 00:00:00;111;289;11;-189;3902
13.04.2020 00:00:00;87;285;21;-219;3535
14.04.2020 00:00:00;149;490;12;-353;3384
15.04.2020 00:00:00;128;449;16;-337;5005
16.04.2020 00:00:00;112;408;21;-317;6015
17.04.2020 00:00:00;99;375;14;-290;6456
18.04.2020 00:00:00;59;237;17;-195;6660
19.04.2020 00:00:00;47;149;17;-119;3312
20.04.2020 00:00:00;65;364;9;-308;3705
21.04.2020 00:00:00;70;403;17;-350;6069
22.04.2020 00:00:00;70;235;12;-177;12776
23.04.2020 00:00:00;60;231;7;-178;4041
24.04.2020 00:00:00;79;230;6;-157;6851
25.04.2020 00:00:00;62;129;13;-80;8403
26.04.2020 00:00:00;36;100;9;-73;6542
27.04.2020 00:00:00;68;184;6;-122;4906
28.04.2020 00:00:00;49;150;14;-115;7041
29.04.2020 00:00:00;60;156;7;-103;8176
30.04.2020 00:00:00;54;184;7;-137;8645
01.05.2020 00:00:00;37;104;4;-71;7680
02.05.2020 00:00:00;28;78;3;-53;5540
03.05.2020 00:00:00;12;56;8;-52;4736
04.05.2020 00:00:00;30;138;4;-112;4716
05.05.2020 00:00:00;54;114;3;-63;6812
06.05.2020 00:00:00;46;105;7;-66;6371
07.05.2020 00:00:00;40;108;3;-71;5640
08.05.2020 00:00:00;49;150;5;-106;6175
09.05.2020 00:00:00;30;66;7;-43;7621
10.05.2020 00:00:00;15;52;3;-40;4818
11.05.2020 00:00:00;65;85;3;-23;2976
12.05.2020 00:00:00;38;82;1;-45;9830
13.05.2020 00:00:00;52;71;3;-22;6938
14.05.2020 00:00:00;54;69;3;-18;8354
15.05.2020 00:00:00;75;63;0;12;6745
16.05.2020 00:00:00;15;50;1;-36;6042
17.05.2020 00:00:00;26;25;1;0;5116
18.05.2020 00:00:00;58;47;4;7;3560
19.05.2020 00:00:00;61;66;1;-6;6366
20.05.2020 00:00:00;30;48;3;-21;7157
21.05.2020 00:00:00;31;51;3;-23;6045
22.05.2020 00:00:00;28;48;4;-24;4851
23.05.2020 00:00:00;24;46;1;-23;5875
24.05.2020 00:00:00;31;36;1;-6;5494
25.05.2020 00:00:00;25;54;2;-31;3484
26.05.2020 00:00:00;22;83;4;-65;5844
27.05.2020 00:00:00;50;72;1;-23;7521
28.05.2020 00:00:00;19;76;1;-58;8666
29.05.2020 00:00:00;42;56;2;-16;6930
30.05.2020 00:00:00;32;31;0;1;7841
31.05.2020 00:00:00;5;32;4;-31;6391
01.06.2020 00:00:00;19;32;1;-14;3286
02.06.2020 00:00:00;16;67;3;-54;4558
03.06.2020 00:00:00;53;36;3;14;6580
04.06.2020 00:00:00;17;47;3;-33;8508
05.06.2020 00:00:00;66;27;2;37;7983
06.06.2020 00:00:00;31;23;1;7;6463
07.06.2020 00:00:00;25;27;1;-3;3685
08.06.2020 00:00:00;24;52;3;-31;5164
09.06.2020 00:00:00;15;29;2;-16;6160
10.06.2020 00:00:00;34;35;2;-3;5423
11.06.2020 00:00:00;22;29;1;-8;3967
12.06.2020 00:00:00;37;27;2;8;6270
13.06.2020 00:00:00;22;25;1;-4;4395
14.06.2020 00:00:00;18;17;5;-4;3864
15.06.2020 00:00:00;53;32;5;16;2830
16.06.2020 00:00:00;19;23;3;-7;5030
17.06.2020 00:00:00;31;37;1;-7;7915
18.06.2020 00:00:00;32;31;0;1;5312
19.06.2020 00:00:00;52;34;2;16;6203
20.06.2020 00:00:00;32;35;2;-5;6078
21.06.2020 00:00:00;29;13;2;14;2376
22.06.2020 00:00:00;31;38;3;-10;5216
23.06.2020 00:00:00;43;34;2;7;6673
24.06.2020 00:00:00;35;22;4;9;6111
25.06.2020 00:00:00;44;33;2;9;5659
26.06.2020 00:00:00;74;22;1;51;6199
27.06.2020 00:00:00;45;30;3;12;7053
28.06.2020 00:00:00;62;22;2;38;5025
29.06.2020 00:00:00;49;34;1;14;3855
30.06.2020 00:00:00;101;30;0;71;6381
01.07.2020 00:00:00;95;31;1;63;8110
02.07.2020 00:00:00;79;42;3;34;7834
03.07.2020 00:00:00;134;46;1;87;6805
04.07.2020 00:00:00;106;22;3;81;7174
05.07.2020 00:00:00;76;28;0;48;5125
06.07.2020 00:00:00;68;38;1;29;6301
07.07.2020 00:00:00;91;46;0;45;6044
08.07.2020 00:00:00;118;46;0;72;8071
09.07.2020 00:00:00;72;51;1;20;7507
10.07.2020 00:00:00;105;59;0;46;7757
11.07.2020 00:00:00;90;54;3;33;8225
12.07.2020 00:00:00;52;45;2;5;5031
13.07.2020 00:00:00;99;83;2;14;3876
14.07.2020 00:00:00;123;113;0;10;7512
15.07.2020 00:00:00;129;80;1;48;8165
16.07.2020 00:00:00;141;111;1;29;10052
17.07.2020 00:00:00;124;137;0;-13;8068
18.07.2020 00:00:00;81;61;0;20;8677
19.07.2020 00:00:00;87;54;5;28;5579
20.07.2020 00:00:00;90;102;2;-14;49767
21.07.2020 00:00:00;137;130;0;7;7164
22.07.2020 00:00:00;162;91;1;70;9081
23.07.2020 00:00:00;117;90;2;25;11350
24.07.2020 00:00:00;153;101;0;52;7810
25.07.2020 00:00:00;112;86;2;24;7049
26.07.2020 00:00:00;101;61;0;40;7008
27.07.2020 00:00:00;96;158;3;-65;5271
28.07.2020 00:00:00;153;144;0;9;8037
29.07.2020 00:00:00;102;115;1;-14;9396
30.07.2020 00:00:00;190;120;4;66;9434
31.07.2020 00:00:00;123;131;3;-11;10425
01.08.2020 00:00:00;62;98;3;-39;7358
02.08.2020 00:00:00;70;93;2;-25;7495
03.08.2020 00:00:00;93;182;1;-90;5123
04.08.2020 00:00:00;83;159;0;-76;6341
05.08.2020 00:00:00;159;152;1;6;7124
06.08.2020 00:00:00;119;123;2;-6;13373
07.08.2020 00:00:00;90;137;4;-51;10030
08.08.2020 00:00:00;104;91;2;11;7934
09.08.2020 00:00:00;72;68;1;3;6629
10.08.2020 00:00:00;158;139;0;19;3890
11.08.2020 00:00:00;187;97;2;88;8750
12.08.2020 00:00:00;190;133;2;55;8510
13.08.2020 00:00:00;251;96;3;152;8490
14.08.2020 00:00:00;349;109;1;239;11924
15.08.2020 00:00:00;156;81;1;74;5922
16.08.2020 00:00:00;169;76;1;92;9136
17.08.2020 00:00:00;259;110;1;148;5577
18.08.2020 00:00:00;252;142;2;108;13821
19.08.2020 00:00:00;347;131;2;214;11283
20.08.2020 00:00:00;331;143;1;187;12266
21.08.2020 00:00:00;302;206;3;93;13972
22.08.2020 00:00:00;229;146;2;81;11746
23.08.2020 00:00:00;193;157;2;34;7832
24.08.2020 00:00:00;243;201;5;37;6219
25.08.2020 00:00:00;301;230;0;71;8883
26.08.2020 00:00:00;320;224;0;96;9110
27.08.2020 00:00:00;225;259;0;-34;14044
28.08.2020 00:00:00;395;338;1;56;14701
29.08.2020 00:00:00;237;174;0;63;12799
30.08.2020 00:00:00;224;208;0;16;11349
31.08.2020 00:00:00;220;236;3;-19;8619
01.09.2020 00:00:00;286;220;2;64;12416
02.09.2020 00:00:00;429;258;2;169;17441
03.09.2020 00:00:00;366;315;1;50;11689
04.09.2020 00:00:00;380;372;5;3;14232
05.09.2020 00:00:00;217;221;1;-5;11318
06.09.2020 00:00:00;367;172;2;193;8018
07.09.2020 00:00:00;396;317;0;79;10398
08.09.2020 00:00:00;552;312;1;239;10254
09.09.2020 00:00:00;692;260;1;431;11582
10.09.2020 00:00:00;598;224;4;370;14971
11.09.2020 00:00:00;930;375;4;551;13789
12.09.2020 00:00:00;414;229;4;181;14674
13.09.2020 00:00:00;414;256;1;157;10573
14.09.2020 00:00:00;820;283;1;536;9342
15.09.2020 00:00:00;723;365;0;358;13100
16.09.2020 00:00:00;854;335;5;514;15331
17.09.2020 00:00:00;806;411;5;390;15272
18.09.2020 00:00:00;874;488;4;382;18854
19.09.2020 00:00:00;667;344;3;320;18134
20.09.2020 00:00:00;471;380;5;86;12584
21.09.2020 00:00:00;582;676;4;-98;13412
22.09.2020 00:00:00;719;626;3;90;14552
23.09.2020 00:00:00;804;650;5;149;16617
24.09.2020 00:00:00;658;595;6;57;18518
25.09.2020 00:00:00;762;861;5;-104;20409
26.09.2020 00:00:00;591;575;5;11;17443
27.09.2020 00:00:00;546;429;6;111;9865
28.09.2020 00:00:00;738;795;2;-59;14493
29.09.2020 00:00:00;759;736;6;17;16586
30.09.2020 00:00:00;854;709;3;142;31409
01.10.2020 00:00:00;790;649;8;133;18586
02.10.2020 00:00:00;1014;851;6;157;21839
03.10.2020 00:00:00;719;578;5;136;15456
04.10.2020 00:00:00;738;433;10;295;12505
05.10.2020 00:00:00;927;583;9;335;11895
06.10.2020 00:00:00;1076;664;12;400;18237
07.10.2020 00:00:00;1274;724;8;542;18589
08.10.2020 00:00:00;1109;719;10;380;21762
09.10.2020 00:00:00;1260;772;9;479;18575
10.10.2020 00:00:00;1014;689;8;317;19956
11.10.2020 00:00:00;832;588;13;231;13876
12.10.2020 00:00:00;1141;847;10;284;13668
13.10.2020 00:00:00;1321;782;7;532;21708
14.10.2020 00:00:00;1436;872;8;556;17033
15.10.2020 00:00:00;1522;784;6;732;19813
16.10.2020 00:00:00;1794;1112;10;672;16119
17.10.2020 00:00:00;1486;828;16;642;25109
18.10.2020 00:00:00;1197;673;9;515;15315
19.10.2020 00:00:00;1647;1055;15;577;14550
20.10.2020 00:00:00;1978;1041;13;924;19469
21.10.2020 00:00:00;2653;868;20;1765;21077
22.10.2020 00:00:00;3232;1017;19;2196;25278
23.10.2020 00:00:00;3343;1216;20;2107;28024
24.10.2020 00:00:00;2971;1030;17;1924;24189
25.10.2020 00:00:00;2472;951;22;1499;17744
26.10.2020 00:00:00;2781;1074;26;1681;23216
27.10.2020 00:00:00;4373;1466;31;2876;14112
28.10.2020 00:00:00;4467;1858;35;2574;27379
29.10.2020 00:00:00;5048;1835;43;3170;24506
30.10.2020 00:00:00;5715;2418;40;3257;26421
31.10.2020 00:00:00;4789;2088;53;2648;28742
01.11.2020 00:00:00;4476;1882;33;2561;23316
02.11.2020 00:00:00;5190;2434;41;2715;23450
03.11.2020 00:00:00;6363;2583;55;3725;25881
04.11.2020 00:00:00;7111;2887;64;4160;29433
05.11.2020 00:00:00;6952;2948;59;3945;28133
06.11.2020 00:00:00;8090;4006;48;4036;33067
07.11.2020 00:00:00;5324;3602;75;1647;29810
08.11.2020 00:00:00;5744;3381;55;2308;26867
09.11.2020 00:00:00;6246;4213;81;1952;26376
10.11.2020 00:00:00;7435;4407;71;2957;26540
11.11.2020 00:00:00;9172;4774;89;4309;31571
12.11.2020 00:00:00;8256;5288;101;2867;38226
13.11.2020 00:00:00;7015;6368;99;548;32328
14.11.2020 00:00:00;5095;6114;97;-1116;33067
15.11.2020 00:00:00;4613;5358;84;-829;27080
16.11.2020 00:00:00;6073;6216;102;-245;26232
17.11.2020 00:00:00;7520;6419;105;996;29050
18.11.2020 00:00:00;6434;6032;95;307;33128
19.11.2020 00:00:00;6603;6170;117;316;31316
20.11.2020 00:00:00;6466;7605;127;-1266;33190
21.11.2020 00:00:00;5151;6454;118;-1421;30808
22.11.2020 00:00:00;2437;5791;105;-3459;29831
23.11.2020 00:00:00;4609;6335;123;-1849;20422
24.11.2020 00:00:00;5738;6640;105;-1007;28070
25.11.2020 00:00:00;5389;5918;121;-650;30569
26.11.2020 00:00:00;5017;5768;120;-871;33318
27.11.2020 00:00:00;4236;6721;130;-2615;27048
28.11.2020 00:00:00;3735;5402;136;-1803;40205
29.11.2020 00:00:00;2390;5149;122;-2881;22197
30.11.2020 00:00:00;3374;5742;136;-2504;15054
01.12.2020 00:00:00;3937;5809;143;-2015;23192
02.12.2020 00:00:00;3567;5875;137;-2445;27862
03.12.2020 00:00:00;3655;5291;145;-1781;31294
04.12.2020 00:00:00;3591;5705;139;-2253;28674
05.12.2020 00:00:00;2865;4666;123;-1924;20053
06.12.2020 00:00:00;2067;3638;105;-1676;18118
07.12.2020 00:00:00;2510;4554;131;-2175;14577
08.12.2020 00:00:00;2631;4340;117;-1826;19643
09.12.2020 00:00:00;2481;3873;133;-1525;20351
10.12.2020 00:00:00;3089;4007;122;-1040;27915
11.12.2020 00:00:00;2835;3799;139;-1103;25394
12.12.2020 00:00:00;2638;3296;105;-763;30917
13.12.2020 00:00:00;2505;2724;105;-324;21202
14.12.2020 00:00:00;2741;3224;115;-598;17562
15.12.2020 00:00:00;2758;3748;97;-1087;21037
16.12.2020 00:00:00;2389;3073;105;-789;28747
17.12.2020 00:00:00;1949;3015;108;-1174;28216
18.12.2020 00:00:00;2151;2905;95;-849;31414
19.12.2020 00:00:00;1504;2441;94;-1031;33800
20.12.2020 00:00:00;1353;2533;91;-1271;24990
21.12.2020 00:00:00;2096;2908;90;-902;20957
22.12.2020 00:00:00;2541;3208;114;-781;29463
23.12.2020 00:00:00;2843;3115;99;-371;38440
24.12.2020 00:00:00;1802;2584;86;-868;29151
25.12.2020 00:00:00;1283;2258;70;-1045;21616
26.12.2020 00:00:00;1157;1911;94;-848;14425
27.12.2020 00:00:00;1696;1926;64;-294;9909
28.12.2020 00:00:00;2107;2002;89;16;21246
29.12.2020 00:00:00;2965;2056;83;826;15563
30.12.2020 00:00:00;2702;2134;78;490;16085
31.12.2020 00:00:00;2001;2055;73;-127;26789
01.01.2021 00:00:00;1585;2346;69;-830;20462
02.01.2021 00:00:00;1632;2238;69;-675;0
03.01.2021 00:00:00;1885;1944;57;-116;-76893
04.01.2021 00:00:00;2286;2037;75;174;12601
05.01.2021 00:00:00;2950;2150;60;740;15450
06.01.2021 00:00:00;2082;1833;69;180;22630
07.01.2021 00:00:00;1985;2247;71;-333;16752
08.01.2021 00:00:00;2285;2562;52;-329;23605
09.01.2021 00:00:00;1541;2070;49;-578;19780
10.01.2021 00:00:00;1386;1868;60;-542;14175
11.01.2021 00:00:00;1686;2236;69;-619;14089
12.01.2021 00:00:00;2137;2009;72;56;2945871
13.01.2021 00:00:00;1646;2104;64;-522;124267
14.01.2021 00:00:00;1531;2029;61;-559;390264
15.01.2021 00:00:00;1543;2200;63;-720;79635
16.01.2021 00:00:00;1317;1799;70;-552;79124
17.01.2021 00:00:00;1008;1673;51;-716;52039
18.01.2021 00:00:00;1614;1883;65;-334;106991
19.01.2021 00:00:00;1646;1830;57;-241;180970
20.01.2021 00:00:00;1733;1604;44;85;610150
21.01.2021 00:00:00;1777;1561;64;152;46353
22.01.2021 00:00:00;1433;1705;50;-322;58656
23.01.2021 00:00:00;1256;1388;70;-202;89237
24.01.2021 00:00:00;938;1286;50;-398;51994
25.01.2021 00:00:00;1411;1561;53;-203;67705
26.01.2021 00:00:00;1566;1516;57;-7;103256
27.01.2021 00:00:00;1460;1450;51;-41;91061
28.01.2021 00:00:00;1406;1577;50;-221;92444
29.01.2021 00:00:00;1476;1685;56;-265;71028
30.01.2021 00:00:00;1089;1516;45;-472;125459
31.01.2021 00:00:00;1130;1393;57;-320;69704
01.02.2021 00:00:00;1210;1501;51;-342;126053
02.02.2021 00:00:00;1627;1482;58;87;81397
03.02.2021 00:00:00;1508;1267;36;205;181897
04.02.2021 00:00:00;1260;1357;38;-135;108302
05.02.2021 00:00:00;1357;1526;36;-205;87206
06.02.2021 00:00:00;1145;1325;39;-219;159889
07.02.2021 00:00:00;993;1052;40;-99;212647
08.02.2021 00:00:00;1221;1315;37;-131;128988
09.02.2021 00:00:00;1454;1236;40;178;310611
10.02.2021 00:00:00;1651;1336;41;274;221201
11.02.2021 00:00:00;1552;1401;37;114;231481
12.02.2021 00:00:00;1257;1394;34;-171;203715
13.02.2021 00:00:00;1162;1329;35;-202;214321
14.02.2021 00:00:00;1166;1105;30;31;139545
15.02.2021 00:00:00;1483;1294;34;155;157018
16.02.2021 00:00:00;1640;1305;28;307;291200
17.02.2021 00:00:00;1882;1246;38;598;206359
18.02.2021 00:00:00;1688;1244;30;414;274347
19.02.2021 00:00:00;2084;1474;23;587;200765
20.02.2021 00:00:00;1642;1322;34;286;236088
21.02.2021 00:00:00;1217;1232;32;-47;198975
22.02.2021 00:00:00;1878;1207;36;635;93176
23.02.2021 00:00:00;1951;1255;36;660;258396
24.02.2021 00:00:00;2436;1241;35;1160;261319
25.02.2021 00:00:00;1874;1219;28;627;268901
26.02.2021 00:00:00;2485;1491;25;969;223250
27.02.2021 00:00:00;2210;1523;32;655;318941
28.02.2021 00:00:00;1396;1332;32;32;156014
01.03.2021 00:00:00;2170;1575;22;573;95564
02.03.2021 00:00:00;2439;1518;30;891;354794
03.03.2021 00:00:00;2383;1590;26;767;244731
04.03.2021 00:00:00;2342;1756;24;562;261250
05.03.2021 00:00:00;2743;2014;30;699;259495
06.03.2021 00:00:00;2237;1708;34;495;250673
07.03.2021 00:00:00;1944;1631;23;290;158844
08.03.2021 00:00:00;2503;1794;24;685;122080
09.03.2021 00:00:00;2395;1867;31;497;395907
10.03.2021 00:00:00;2856;1767;30;1059;278184
11.03.2021 00:00:00;3042;1629;34;1379;219654
12.03.2021 00:00:00;3006;2130;32;844;357890
13.03.2021 00:00:00;2524;1990;33;501;271761
14.03.2021 00:00:00;1906;1778;30;98;167435
15.03.2021 00:00:00;2747;2004;35;708;139103
16.03.2021 00:00:00;2852;2051;32;769;355721
17.03.2021 00:00:00;3509;2073;39;1397;436660
18.03.2021 00:00:00;3209;2008;30;1171;298583
19.03.2021 00:00:00;3636;2740;43;853;269448
20.03.2021 00:00:00;2685;2255;30;400;278034
21.03.2021 00:00:00;2430;1682;36;712;192964
22.03.2021 00:00:00;3010;2144;38;828;159929
23.03.2021 00:00:00;3523;2333;22;1168;369807
24.03.2021 00:00:00;3425;2278;28;1119;300842
25.03.2021 00:00:00;3199;2390;36;773;418328
26.03.2021 00:00:00;3284;2590;29;665;485632
27.03.2021 00:00:00;2641;2779;29;-167;143342
28.03.2021 00:00:00;3228;2438;34;756;261036
29.03.2021 00:00:00;2781;2789;37;-45;154788
30.03.2021 00:00:00;3116;2491;33;592;483046
31.03.2021 00:00:00;3376;2745;38;593;358215
01.04.2021 00:00:00;3074;2991;36;47;353719
02.04.2021 00:00:00;3294;3025;42;227;281183
03.04.2021 00:00:00;2812;2901;38;-127;316492
04.04.2021 00:00:00;2326;2743;47;-464;244556
05.04.2021 00:00:00;2006;3181;32;-1207;132334
06.04.2021 00:00:00;2832;3534;25;-727;219544
07.04.2021 00:00:00;2846;3175;50;-379;516648
08.04.2021 00:00:00;2483;3303;36;-856;352501
09.04.2021 00:00:00;3439;3311;36;92;293340
10.04.2021 00:00:00;1958;3003;34;-1079;316396
11.04.2021 00:00:00;2051;2734;39;-722;200841
12.04.2021 00:00:00;2222;3035;35;-848;169508
13.04.2021 00:00:00;3161;3129;33;-1;349278
14.04.2021 00:00:00;2714;3011;40;-337;505277
15.04.2021 00:00:00;2331;2743;33;-445;308943
16.04.2021 00:00:00;2350;3016;34;-700;286539
17.04.2021 00:00:00;2027;2612;39;-624;317349
18.04.2021 00:00:00;2007;2621;29;-643;207928
19.04.2021 00:00:00;2075;2417;30;-372;190653
20.04.2021 00:00:00;2514;2673;46;-205;320616
21.04.2021 00:00:00;2608;2888;25;-305;262443
22.04.2021 00:00:00;2471;2606;34;-169;307961
23.04.2021 00:00:00;1955;3080;18;-1143;280891
24.04.2021 00:00:00;1888;2442;28;-582;302593
25.04.2021 00:00:00;1575;2262;19;-706;199558
26.04.2021 00:00:00;1902;2135;30;-263;147739
27.04.2021 00:00:00;2258;2405;24;-171;426701
28.04.2021 00:00:00;2142;2617;31;-506;54657
29.04.2021 00:00:00;2107;2146;27;-66;272015
30.04.2021 00:00:00;1644;2700;18;-1074;303180
01.05.2021 00:00:00;1532;2202;31;-701;335502
02.05.2021 00:00:00;1099;1979;31;-911;155568
03.05.2021 00:00:00;1421;2147;24;-750;111903
04.05.2021 00:00:00;1702;2635;27;-960;399416
05.05.2021 00:00:00;1379;2404;20;-1045;347639
06.05.2021 00:00:00;1378;2170;23;-815;459327
07.05.2021 00:00:00;1141;2429;23;-1311;287929
08.05.2021 00:00:00;1053;2045;15;-1007;309774
09.05.2021 00:00:00;738;2028;25;-1315;204215
10.05.2021 00:00:00;915;1950;15;-1050;135456
11.05.2021 00:00:00;1153;2182;13;-1042;363597
12.05.2021 00:00:00;981;2131;26;-1176;379788
13.05.2021 00:00:00;849;1872;11;-1034;415694
14.05.2021 00:00:00;632;1874;12;-1254;141201
15.05.2021 00:00:00;683;1533;15;-865;277682
16.05.2021 00:00:00;519;1372;12;-865;175480
17.05.2021 00:00:00;633;1417;12;-796;138372
18.05.2021 00:00:00;841;1695;15;-869;309371
19.05.2021 00:00:00;605;1313;3;-711;396564
20.05.2021 00:00:00;657;1418;8;-769;388652
21.05.2021 00:00:00;564;1268;14;-718;424152
22.05.2021 00:00:00;507;1116;9;-618;479351
23.05.2021 00:00:00;347;876;12;-541;348172
24.05.2021 00:00:00;406;838;7;-439;211515
25.05.2021 00:00:00;474;1067;10;-603;382294
26.05.2021 00:00:00;606;833;13;-240;442992
27.05.2021 00:00:00;537;873;11;-347;542328
28.05.2021 00:00:00;424;771;13;-360;332288
29.05.2021 00:00:00;385;811;9;-435;435113
30.05.2021 00:00:00;327;658;9;-340;339485
31.05.2021 00:00:00;360;666;7;-313;212485
01.06.2021 00:00:00;489;843;9;-363;346340
02.06.2021 00:00:00;305;599;10;-304;925527
03.06.2021 00:00:00;351;553;4;-206;681027
04.06.2021 00:00:00;284;478;6;-200;381242
05.06.2021 00:00:00;326;551;5;-230;748649
06.06.2021 00:00:00;311;357;6;-52;419385
07.06.2021 00:00:00;307;488;5;-186;292615
08.06.2021 00:00:00;356;607;4;-255;412011
09.06.2021 00:00:00;287;476;6;-195;443161
10.06.2021 00:00:00;226;465;4;-243;516503
11.06.2021 00:00:00;198;418;8;-228;325511
12.06.2021 00:00:00;207;448;5;-246;457254
13.06.2021 00:00:00;103;308;4;-209;420545
14.06.2021 00:00:00;147;402;4;-259;312751
15.06.2021 00:00:00;180;356;4;-180;354433
16.06.2021 00:00:00;171;335;3;-167;354696
17.06.2021 00:00:00;131;388;3;-260;526047
18.06.2021 00:00:00;149;358;7;-216;489691
19.06.2021 00:00:00;108;300;6;-198;480332
20.06.2021 00:00:00;115;217;5;-107;418937
21.06.2021 00:00:00;102;216;5;-119;375017
22.06.2021 00:00:00;116;297;1;-182;705626
23.06.2021 00:00:00;99;176;6;-83;389863
24.06.2021 00:00:00;108;226;3;-121;290906
25.06.2021 00:00:00;117;173;0;-56;451660
26.06.2021 00:00:00;66;166;3;-103;417608
27.06.2021 00:00:00;73;161;1;-89;312902
28.06.2021 00:00:00;93;166;2;-75;427614
29.06.2021 00:00:00;106;176;5;-75;350968
30.06.2021 00:00:00;80;165;3;-88;291247
01.07.2021 00:00:00;108;159;1;-52;354947
02.07.2021 00:00:00;104;128;6;-30;259390
03.07.2021 00:00:00;68;177;4;-113;343935
04.07.2021 00:00:00;73;87;2;-16;561265
05.07.2021 00:00:00;103;124;0;-21;322102
06.07.2021 00:00:00;127;137;3;-13;347381
07.07.2021 00:00:00;148;128;2;18;335988
08.07.2021 00:00:00;198;119;2;77;382522
09.07.2021 00:00:00;178;108;2;68;314230
10.07.2021 00:00:00;154;78;2;74;413896
11.07.2021 00:00:00;184;89;0;95;371928
12.07.2021 00:00:00;245;71;1;173;316160
13.07.2021 00:00:00;273;107;3;163;346475
14.07.2021 00:00:00;302;100;4;198;281780
15.07.2021 00:00:00;352;104;0;248;729443
16.07.2021 00:00:00;430;117;3;310;342544
17.07.2021 00:00:00;336;106;1;229;409271
18.07.2021 00:00:00;265;113;1;151;368400
19.07.2021 00:00:00;336;136;3;197;262510
20.07.2021 00:00:00;363;165;1;197;446461
21.07.2021 00:00:00;419;170;1;248;311223
02.12.2021 00:00:00;7213;12384;77;-5248;466309
03.12.2021 00:00:00;6239;13245;71;-7077;400321
04.12.2021 00:00:00;5304;11554;69;-6319;296446
05.12.2021 00:00:00;4245;10721;59;-6535;292422
06.12.2021 00:00:00;4391;10935;65;-6609;310646
07.12.2021 00:00:00;6041;13221;71;-7251;457815
08.12.2021 00:00:00;4304;11147;63;-6906;395681
09.12.2021 00:00:00;3106;10350;58;-7302;301881
10.12.2021 00:00:00;4797;9843;57;-5103;411029
11.12.2021 00:00:00;3245;9155;50;-5960;264154
12.12.2021 00:00:00;3255;7500;41;-4286;288460
13.12.2021 00:00:00;2916;7690;51;-4825;261523
14.12.2021 00:00:00;4113;8363;52;-4302;460677
15.12.2021 00:00:00;2920;6714;35;-3829;466533
16.12.2021 00:00:00;2690;6245;39;-3594;410701
17.12.2021 00:00:00;2342;6066;34;-3758;428824
18.12.2021 00:00:00;1982;5229;32;-3279;332869
19.12.2021 00:00:00;1879;4264;37;-2422;262854
20.12.2021 00:00:00;1940;4727;33;-2820;252128
21.12.2021 00:00:00;2797;5502;31;-2736;316974
22.12.2021 00:00:00;2155;4348;23;-2216;538458
23.12.2021 00:00:00;2258;4004;24;-1770;338202
24.12.2021 00:00:00;2102;3776;19;-1693;508023
25.12.2021 00:00:00;1622;3137;21;-1536;389512
26.12.2021 00:00:00;1732;2813;23;-1104;290509
27.12.2021 00:00:00;2590;2625;25;-60;193332
28.12.2021 00:00:00;3329;3412;24;-107;2196281
29.12.2021 00:00:00;3167;2632;17;518;317231
30.12.2021 00:00:00;3802;2318;30;1454;305717
31.12.2021 00:00:00;3683;2657;14;1012;352361
01.01.2022 00:00:00;2999;1988;8;1003;328668
02.01.2022 00:00:00;3470;1892;12;1566;198549
03.01.2022 00:00:00;5981;2193;23;3765;198125
04.01.2022 00:00:00;10045;2605;12;7428;331732
05.01.2022 00:00:00;8763;2411;10;6342;570586
06.01.2022 00:00:00;8865;2442;9;6414;319520
07.01.2022 00:00:00;7018;2397;14;4607;331149
08.01.2022 00:00:00;10682;2682;8;7992;471709
09.01.2022 00:00:00;10870;3001;14;7855;446699
10.01.2022 00:00:00;12585;3952;10;8623;528372
11.01.2022 00:00:00;16477;4678;10;11789;515761
12.01.2022 00:00:00;16759;4492;9;12258;1469988
13.01.2022 00:00:00;16899;6240;9;10650;482191
14.01.2022 00:00:00;16998;7882;12;9104;736449
15.01.2022 00:00:00;14813;7167;8;7638;500115
16.01.2022 00:00:00;16087;8282;11;7794;728344
17.01.2022 00:00:00;18281;9691;8;8582;453008
18.01.2022 00:00:00;28082;10900;8;17174;532431
19.01.2022 00:00:00;25129;10809;12;14308;842360
20.01.2022 00:00:00;29593;11143;7;18443;1388277
21.01.2022 00:00:00;26649;12103;17;14529;616780
22.01.2022 00:00:00;23322;11597;12;11713;539273
23.01.2022 00:00:00;25107;12986;16;12105;465147
24.01.2022 00:00:00;26658;14845;13;11800;457621
25.01.2022 00:00:00;38124;17042;16;21066;533996
26.01.2022 00:00:00;35711;17493;10;18208;791137
27.01.2022 00:00:00;37889;18897;17;18975;1735543
28.01.2022 00:00:00;33667;20687;20;12960;701619
29.01.2022 00:00:00;29167;21031;15;8121;568134
30.01.2022 00:00:00;26315;23867;16;2432;425786
31.01.2022 00:00:00;27846;23897;15;3934;292063
01.02.2022 00:00:00;44184;27289;15;16880;708812
02.02.2022 00:00:00;33852;24945;21;8886;1223923
03.02.2022 00:00:00;36930;27759;24;9147;1161196
04.02.2022 00:00:00;33413;30457;20;2936;596739
05.02.2022 00:00:00;30046;26869;26;3151;545912
06.02.2022 00:00:00;25898;28304;20;-2426;492386
07.02.2022 00:00:00;29028;29887;24;-883;417128
08.02.2022 00:00:00;40131;33335;19;6777;625935
09.02.2022 00:00:00;35095;41157;19;-6081;758201
10.02.2022 00:00:00;33200;43522;28;-10350;828701
11.02.2022 00:00:00;29698;42578;32;-12912;429377
12.02.2022 00:00:00;24909;39951;33;-15075;681801
13.02.2022 00:00:00;23967;41223;23;-17279;369192
14.02.2022 00:00:00;26422;38197;33;-11808;251563
15.02.2022 00:00:00;38682;48713;31;-10062;709849
16.02.2022 00:00:00;30799;31892;24;-1117;942103
17.02.2022 00:00:00;30462;31745;31;-1314;746865
18.02.2022 00:00:00;25693;34720;20;-9047;491800
19.02.2022 00:00:00;21744;30770;28;-9054;711316
20.02.2022 00:00:00;21329;29299;25;-7995;368063
21.02.2022 00:00:00;23635;28758;28;-5151;222958
22.02.2022 00:00:00;35200;29636;30;5534;539689
23.02.2022 00:00:00;28485;28555;28;-98;564949
24.02.2022 00:00:00;29730;28163;32;1535;886099
25.02.2022 00:00:00;25012;31611;39;-6638;503707
26.02.2022 00:00:00;22051;26513;31;-4493;740205
27.02.2022 00:00:00;21188;27677;27;-6516;342848
28.02.2022 00:00:00;27291;27310;31;-50;161121
01.03.2022 00:00:00;40829;29071;41;11717;553850
02.03.2022 00:00:00;31618;25973;29;5616;847200
03.03.2022 00:00:00;31819;27885;33;3901;801296
04.03.2022 00:00:00;31449;29915;31;1503;217224
05.03.2022 00:00:00;27522;26118;30;1374;825635
06.03.2022 00:00:00;26473;27375;24;-926;308045
07.03.2022 00:00:00;34026;26846;33;7147;181146
08.03.2022 00:00:00;50960;31219;26;19715;627441
09.03.2022 00:00:00;49903;30222;24;19657;609185
10.03.2022 00:00:00;49289;32227;27;17035;803114
11.03.2022 00:00:00;43428;38097;28;5303;470532
12.03.2022 00:00:00;37376;31389;29;5958;664188
22.07.2021 00:00:00;421;191;1;229;339761
23.07.2021 00:00:00;342;235;5;102;313561
24.07.2021 00:00:00;325;253;1;71;399696
25.07.2021 00:00:00;316;195;3;118;366087
26.07.2021 00:00:00;365;258;2;105;264707
27.07.2021 00:00:00;547;281;1;265;353876
28.07.2021 00:00:00;506;319;0;187;425944
29.07.2021 00:00:00;532;284;2;246;343301
30.07.2021 00:00:00;543;377;3;163;474681
31.07.2021 00:00:00;420;337;4;79;367563
01.08.2021 00:00:00;346;322;3;21;349438
02.08.2021 00:00:00;402;300;2;100;285169
03.08.2021 00:00:00;595;389;3;203;286518
04.08.2021 00:00:00;497;406;3;88;283128
05.08.2021 00:00:00;601;461;5;135;465180
06.08.2021 00:00:00;571;431;3;137;288795
07.08.2021 00:00:00;563;410;1;152;411157
08.08.2021 00:00:00;436;378;2;56;346513
09.08.2021 00:00:00;617;373;2;242;254742
10.08.2021 00:00:00;874;491;3;380;306240
11.08.2021 00:00:00;859;489;0;370;264414
12.08.2021 00:00:00;968;457;2;509;447807
13.08.2021 00:00:00;952;453;3;496;280547
14.08.2021 00:00:00;832;454;5;373;344791
15.08.2021 00:00:00;797;432;1;364;395705
16.08.2021 00:00:00;876;448;0;428;290401
17.08.2021 00:00:00;1213;522;0;691;287405
18.08.2021 00:00:00;1293;605;2;686;269632
19.08.2021 00:00:00;1310;599;3;708;442858
20.08.2021 00:00:00;1287;746;2;539;268611
21.08.2021 00:00:00;1106;611;3;492;366192
22.08.2021 00:00:00;983;658;2;323;330086
23.08.2021 00:00:00;1154;681;6;467;284054
24.08.2021 00:00:00;1621;888;2;731;277987
25.08.2021 00:00:00;1450;767;6;677;281445
26.08.2021 00:00:00;1404;814;3;587;422734
27.08.2021 00:00:00;1378;932;6;440;255447
28.08.2021 00:00:00;1345;946;9;390;326424
29.08.2021 00:00:00;1081;818;3;260;332283
30.08.2021 00:00:00;1281;806;3;472;230634
31.08.2021 00:00:00;1852;1148;4;700;274462
01.09.2021 00:00:00;1555;1106;4;445;282427
02.09.2021 00:00:00;1691;1155;8;528;411231
03.09.2021 00:00:00;1931;1183;6;742;264200
04.09.2021 00:00:00;1576;1145;9;422;342379
05.09.2021 00:00:00;1391;1089;9;293;375399
06.09.2021 00:00:00;1801;1158;4;639;338111
07.09.2021 00:00:00;2301;1203;8;1090;338557
08.09.2021 00:00:00;2168;1414;8;746;439775
09.09.2021 00:00:00;2338;1342;10;986;347969
10.09.2021 00:00:00;2246;1356;11;879;321630
11.09.2021 00:00:00;1838;1511;7;320;358111
12.09.2021 00:00:00;1390;1303;3;84;364949
13.09.2021 00:00:00;1848;1437;10;401;309931
14.09.2021 00:00:00;2599;1719;16;864;371093
15.09.2021 00:00:00;2318;1480;10;828;353847
16.09.2021 00:00:00;2212;1643;11;558;478750
17.09.2021 00:00:00;2028;1668;11;349;284257
18.09.2021 00:00:00;1428;1703;8;-283;367712
19.09.2021 00:00:00;1340;1656;19;-335;374322
20.09.2021 00:00:00;1379;1741;11;-373;279401
21.09.2021 00:00:00;2108;2305;9;-206;262426
22.09.2021 00:00:00;1837;1834;12;-9;447985
23.09.2021 00:00:00;1816;1885;9;-78;497356
24.09.2021 00:00:00;1829;1985;9;-165;304125
25.09.2021 00:00:00;1385;1908;14;-537;352913
26.09.2021 00:00:00;1386;1792;9;-415;350169
27.09.2021 00:00:00;1590;1638;10;-58;296446
28.09.2021 00:00:00;2611;2283;17;311;358279
29.09.2021 00:00:00;1924;1975;8;-59;359097
30.09.2021 00:00:00;1738;2112;10;-384;433868
01.10.2021 00:00:00;1807;1854;9;-56;290255
02.10.2021 00:00:00;1556;1785;15;-244;225990
03.10.2021 00:00:00;1371;1520;11;-160;408724
04.10.2021 00:00:00;1460;1684;8;-232;287120
05.10.2021 00:00:00;2671;2406;16;249;365396
06.10.2021 00:00:00;2034;1860;8;166;326599
07.10.2021 00:00:00;1853;2083;11;-241;433055
08.10.2021 00:00:00;1875;2081;8;-214;270111
09.10.2021 00:00:00;1585;1896;12;-323;287442
10.10.2021 00:00:00;1298;1671;10;-383;298259
11.10.2021 00:00:00;1597;1681;12;-96;236189
12.10.2021 00:00:00;2715;2197;19;499;351804
13.10.2021 00:00:00;2113;1670;11;432;329066
14.10.2021 00:00:00;2388;1827;11;550;427441
15.10.2021 00:00:00;2381;1969;12;400;280850
16.10.2021 00:00:00;2145;1728;21;396;321818
17.10.2021 00:00:00;1997;1790;20;187;298128
18.10.2021 00:00:00;2727;1734;11;982;248407
19.10.2021 00:00:00;3971;2294;13;1664;364890
20.10.2021 00:00:00;3617;1866;14;1737;335375
21.10.2021 00:00:00;3484;1832;16;1636;455165
22.10.2021 00:00:00;3706;2046;17;1643;284844
23.10.2021 00:00:00;3530;2076;17;1437;315989
24.10.2021 00:00:00;2795;1948;23;824;314239
25.10.2021 00:00:00;3446;2210;12;1224;245796
26.10.2021 00:00:00;4483;2884;25;1574;354029
27.10.2021 00:00:00;4306;2464;30;1812;268599
28.10.2021 00:00:00;5933;2585;16;3332;451995
29.10.2021 00:00:00;5979;2896;14;3069;312927
30.10.2021 00:00:00;5628;2821;27;2780;338420
31.10.2021 00:00:00;4793;2769;18;2006;340861
01.11.2021 00:00:00;5284;3263;24;1997;276500
02.11.2021 00:00:00;6583;3863;24;2696;306382
03.11.2021 00:00:00;8972;3338;35;5599;581327
04.11.2021 00:00:00;9765;3495;29;6241;550179
05.11.2021 00:00:00;9696;3980;35;5681;473302
06.11.2021 00:00:00;8107;3977;32;4098;414915
07.11.2021 00:00:00;8008;4260;30;3718;397268
08.11.2021 00:00:00;7751;4501;34;3216;380970
09.11.2021 00:00:00;11958;5477;41;6440;454958
10.11.2021 00:00:00;13204;5143;31;8030;346999
11.11.2021 00:00:00;10562;5273;62;5227;725954
12.11.2021 00:00:00;12629;5667;58;6904;445216
13.11.2021 00:00:00;11420;6501;60;4859;381534
14.11.2021 00:00:00;11177;6184;49;4944;323413
15.11.2021 00:00:00;10984;7058;48;3878;399798
16.11.2021 00:00:00;16443;7568;51;8824;464540
17.11.2021 00:00:00;15000;7994;62;6944;593434
18.11.2021 00:00:00;14865;8440;54;6371;553894
19.11.2021 00:00:00;14042;8844;62;5136;552269
20.11.2021 00:00:00;14072;9790;49;4233;430547
21.11.2021 00:00:00;11627;9466;70;2091;524203
22.11.2021 00:00:00;11949;10410;67;1472;354947
23.11.2021 00:00:00;14494;12442;65;1987;428955
24.11.2021 00:00:00;14426;12124;63;2239;368068
25.11.2021 00:00:00;12093;13203;73;-1183;619654
26.11.2021 00:00:00;12017;13386;79;-1448;606176
27.11.2021 00:00:00;9593;13347;60;-3814;346928
28.11.2021 00:00:00;7969;11940;72;-4043;268213
29.11.2021 00:00:00;8096;12918;80;-4902;285534
30.11.2021 00:00:00;10935;13991;48;-3104;469103
01.12.2021 00:00:00;8752;13261;75;-4584;491554
13.03.2022 00:00:00;34227;32108;27;2092;366672
14.03.2022 00:00:00;40000;31261;27;8712;345283
15.03.2022 00:00:00;63508;36188;34;27286;544679
16.03.2022 00:00:00;51538;35181;26;16331;1057150
17.03.2022 00:00:00;50499;38135;40;12324;768595
18.03.2022 00:00:00;41957;46593;40;-4676;472259
19.03.2022 00:00:00;37328;44304;34;-7010;714927
20.03.2022 00:00:00;31066;44671;36;-13641;352029
21.03.2022 00:00:00;36817;40962;36;-4181;332573
22.03.2022 00:00:00;54378;43111;35;11232;450123
23.03.2022 00:00:00;40830;41932;49;-1151;478319
24.03.2022 00:00:00;36916;41357;42;-4483;663883
25.03.2022 00:00:00;32890;53386;46;-20542;346725
26.03.2022 00:00:00;25365;43631;39;-18305;602107
27.03.2022 00:00:00;20814;44400;33;-23619;186079
28.03.2022 00:00:00;25922;40869;33;-14980;222096
29.03.2022 00:00:00;33831;41608;38;-7815;526435
30.03.2022 00:00:00;25910;36575;49;-10714;805811
31.03.2022 00:00:00;22023;38694;43;-16714;369907
01.04.2022 00:00:00;18726;45717;51;-27042;552375
02.04.2022 00:00:00;13855;36658;27;-22830;460338
03.04.2022 00:00:00;11403;34420;40;-23057;213630
04.04.2022 00:00:00;15131;31266;27;-16162;188046
05.04.2022 00:00:00;20775;29188;36;-8449;374323
06.04.2022 00:00:00;16202;24150;37;-7985;359410
07.04.2022 00:00:00;13744;24183;30;-10469;721020
08.04.2022 00:00:00;12887;29368;28;-16509;192519
09.04.2022 00:00:00;10526;21609;30;-11113;516345
10.04.2022 00:00:00;7268;20300;26;-13058;170462
11.04.2022 00:00:00;9404;16450;28;-7074;100077
12.04.2022 00:00:00;12366;16566;32;-4232;201528
13.04.2022 00:00:00;10226;14932;23;-4729;185952
14.04.2022 00:00:00;9747;14810;16;-5079;262385
15.04.2022 00:00:00;8639;17168;22;-8551;129645
16.04.2022 00:00:00;7334;14360;21;-7047;226603
17.04.2022 00:00:00;5557;12973;18;-7434;106217
18.04.2022 00:00:00;5700;12212;16;-6528;79772
19.04.2022 00:00:00;8388;11494;19;-3125;101910
20.04.2022 00:00:00;10833;9517;14;1302;247953
21.04.2022 00:00:00;7952;8918;25;-991;344293
22.04.2022 00:00:00;6435;11482;21;-5068;259002
23.04.2022 00:00:00;5432;9383;16;-3967;113218
24.04.2022 00:00:00;4289;8780;12;-4503;101424
25.04.2022 00:00:00;6113;8244;13;-2144;84727
26.04.2022 00:00:00;8140;7818;14;308;269082
27.04.2022 00:00:00;6442;6883;17;-458;236855
28.04.2022 00:00:00;6047;6580;15;-548;179845
29.04.2022 00:00:00;5225;7226;9;-2010;246143
30.04.2022 00:00:00;4445;8770;7;-4332;160057
01.05.2022 00:00:00;3908;7229;14;-3335;83714
02.05.2022 00:00:00;5541;6117;12;-588;71620
03.05.2022 00:00:00;7071;6102;14;955;164112
04.05.2022 00:00:00;5919;5709;9;201;200791
05.05.2022 00:00:00;6027;5779;5;243;160209
06.05.2022 00:00:00;5074;6944;9;-1879;286409
07.05.2022 00:00:00;3429;6093;6;-2670;100098
08.05.2022 00:00:00;3882;5928;18;-2064;77696
09.05.2022 00:00:00;4681;5017;6;-342;68304
10.05.2022 00:00:00;5894;5148;7;739;172786
11.05.2022 00:00:00;5001;5058;6;-63;228920
12.05.2022 00:00:00;4726;5215;12;-501;148398
13.05.2022 00:00:00;3681;6431;3;-2753;109198
14.05.2022 00:00:00;3293;5611;3;-2321;89897
15.05.2022 00:00:00;2477;5522;4;-3049;70310
16.05.2022 00:00:00;3247;4921;8;-1682;435133
17.05.2022 00:00:00;4375;4232;4;139;155889
18.05.2022 00:00:00;3364;4559;5;-1200;225336
19.05.2022 00:00:00;3117;4383;6;-1272;135858
20.05.2022 00:00:00;2693;5178;2;-2487;227772
21.05.2022 00:00:00;1733;4307;5;-2579;112635
22.05.2022 00:00:00;1743;4301;4;-2562;53817
23.05.2022 00:00:00;2403;3517;4;-1118;39726
24.05.2022 00:00:00;3130;3430;13;-313;290343
25.05.2022 00:00:00;2593;2859;2;-268;256898
26.05.2022 00:00:00;1737;2923;7;-1193;259173
27.05.2022 00:00:00;1813;3721;2;-1910;57558
28.05.2022 00:00:00;1879;2890;2;-1013;47210
29.05.2022 00:00:00;1737;2847;0;-1110;59744
30.05.2022 00:00:00;2389;2521;3;-135;45285
31.05.2022 00:00:00;3569;2221;5;1343;60579
01.06.2022 00:00:00;3175;2104;3;1068;249045
02.06.2022 00:00:00;3240;2165;5;1070;153663
03.06.2022 00:00:00;2689;2840;1;-152;144207
04.06.2022 00:00:00;2373;2458;3;-88;62425
05.06.2022 00:00:00;2071;2077;3;-9;41704
06.06.2022 00:00:00;2371;1860;3;508;20822
07.06.2022 00:00:00;3701;2316;2;1383;42506
08.06.2022 00:00:00;5180;2381;3;2796;102963
09.06.2022 00:00:00;4269;2361;5;1903;236970
10.06.2022 00:00:00;4006;3192;2;812;83820
11.06.2022 00:00:00;3037;2914;4;119;56968
12.06.2022 00:00:00;2843;3023;4;-184;32206
13.06.2022 00:00:00;4795;2962;6;1827;67452
14.06.2022 00:00:00;6958;3062;2;3894;111642
15.06.2022 00:00:00;7239;2819;3;4417;194813
16.06.2022 00:00:00;4808;3129;3;1676;89198
17.06.2022 00:00:00;5735;3332;6;2397;61109
18.06.2022 00:00:00;6122;4925;2;1195;58719
19.06.2022 00:00:00;5143;4246;5;892;51137
20.06.2022 00:00:00;8379;4009;5;4365;53852
21.06.2022 00:00:00;10989;3673;3;7313;174987
22.06.2022 00:00:00;9601;4150;7;5444;105991
23.06.2022 00:00:00;8971;4858;2;4111;97659
24.06.2022 00:00:00;8831;6767;8;2056;102632
25.06.2022 00:00:00;6988;7078;4;-94;90363
26.06.2022 00:00:00;6442;5779;6;657;63784
27.06.2022 00:00:00;9649;5779;12;3858;60225
28.06.2022 00:00:00;12425;7381;5;5039;117247
29.06.2022 00:00:00;12683;7063;6;5614;169474
30.06.2022 00:00:00;10363;7466;6;2891;121558
01.07.2022 00:00:00;10014;10012;9;-7;93198
02.07.2022 00:00:00;8350;8794;4;-448;91671
03.07.2022 00:00:00;7809;7997;5;-193;67252
04.07.2022 00:00:00;10964;9554;9;1401;64219
05.07.2022 00:00:00;13239;8520;6;4713;136881
06.07.2022 00:00:00;12260;8402;9;3849;112025
07.07.2022 00:00:00;11092;9285;15;1792;82194
08.07.2022 00:00:00;10511;11832;8;-1329;104319
09.07.2022 00:00:00;8370;12071;11;-3712;103330
10.07.2022 00:00:00;7326;9563;7;-2244;56400
11.07.2022 00:00:00;11636;9814;8;1814;64501
12.07.2022 00:00:00;14957;10136;6;4815;109410
13.07.2022 00:00:00;13016;9706;7;3303;121306
14.07.2022 00:00:00;13087;11208;4;1875;181825
15.07.2022 00:00:00;12163;12188;9;-34;154583
16.07.2022 00:00:00;10267;11224;10;-967;115059
17.07.2022 00:00:00;8288;10321;13;-2046;65940
18.07.2022 00:00:00;13108;10566;14;2528;57618
19.07.2022 00:00:00;14996;10099;9;4888;120070
20.07.2022 00:00:00;13510;10523;11;2976;114363
21.07.2022 00:00:00;11518;11864;14;-360;101279
22.07.2022 00:00:00;10868;13433;14;-2579;118794
23.07.2022 00:00:00;8505;12560;11;-4066;79854
24.07.2022 00:00:00;7247;11551;17;-4321;62118
25.07.2022 00:00:00;10043;11105;16;-1078;51831
26.07.2022 00:00:00;11429;11334;9;86;103369
27.07.2022 00:00:00;9021;10725;15;-1719;112533
28.07.2022 00:00:00;7439;11549;15;-4125;82625
29.07.2022 00:00:00;6699;12977;19;-6297;81801
30.07.2022 00:00:00;5674;11982;14;-6322;66798
31.07.2022 00:00:00;4315;10048;12;-5745;49863
01.08.2022 00:00:00;7565;9992;7;-2434;51665
02.08.2022 00:00:00;8459;9138;7;-686;102330
03.08.2022 00:00:00;6835;7655;11;-831;73563
04.08.2022 00:00:00;5857;8054;12;-2209;94148
05.08.2022 00:00:00;5629;9678;8;-4057;65210
06.08.2022 00:00:00;4688;7653;9;-2974;61391
07.08.2022 00:00:00;3804;6368;11;-2575;43269
08.08.2022 00:00:00;6316;6674;17;-375;15674
09.08.2022 00:00:00;7185;6378;14;793;116527
10.08.2022 00:00:00;5935;5091;10;834;90368
11.08.2022 00:00:00;5880;6515;10;-645;74203
12.08.2022 00:00:00;5473;8116;9;-2652;66371
13.08.2022 00:00:00;4755;6285;2;-1532;58477
14.08.2022 00:00:00;3067;5585;6;-2524;41394
15.08.2022 00:00:00;3931;5379;4;-1452;31282
16.08.2022 00:00:00;6699;6377;11;311;43807
17.08.2022 00:00:00;7756;4981;7;2768;100147
18.08.2022 00:00:00;5830;5268;11;551;80550
19.08.2022 00:00:00;5576;7044;14;-1482;62884
20.08.2022 00:00:00;4713;5348;6;-641;54522
21.08.2022 00:00:00;3129;4901;6;-1778;46519
22.08.2022 00:00:00;5513;6658;13;-1158;38639
23.08.2022 00:00:00;5921;5449;6;466;83301
24.08.2022 00:00:00;5441;4082;7;1352;107036
25.08.2022 00:00:00;5059;4326;7;726;78059
26.08.2022 00:00:00;5047;5466;9;-428;61821
27.08.2022 00:00:00;3948;6954;2;-3008;57372
28.08.2022 00:00:00;2759;4867;7;-2115;41736
29.08.2022 00:00:00;5004;6029;10;-1035;36664
30.08.2022 00:00:00;5570;5250;2;318;87221
31.08.2022 00:00:00;4773;4174;7;592;86045
01.09.2022 00:00:00;4157;4748;1;-592;71689
02.09.2022 00:00:00;3945;6236;2;-2293;66957
03.09.2022 00:00:00;3366;4457;8;-1099;56739
04.09.2022 00:00:00;2832;4501;6;-1675;50485
05.09.2022 00:00:00;4569;5576;8;-1015;90522
06.09.2022 00:00:00;5310;4408;12;890;133632
07.09.2022 00:00:00;4445;3547;2;896;83128
08.09.2022 00:00:00;4286;4003;6;277;76837
09.09.2022 00:00:00;4140;5445;6;-1311;26128
10.09.2022 00:00:00;3399;3997;8;-606;106595
11.09.2022 00:00:00;2794;3506;3;-715;46661
12.09.2022 00:00:00;5128;4820;4;304;40319
13.09.2022 00:00:00;6250;3947;4;2299;105278
14.09.2022 00:00:00;5622;3396;5;2221;78130
15.09.2022 00:00:00;5370;3950;8;1412;67392
16.09.2022 00:00:00;5361;5227;1;133;74268
17.09.2022 00:00:00;4796;4327;5;464;50092
18.09.2022 00:00:00;3698;4116;1;-419;46141
19.09.2022 00:00:00;6233;4725;6;1502;40606
20.09.2022 00:00:00;8458;4464;7;3987;95217
21.09.2022 00:00:00;8080;3715;4;4361;78105
22.09.2022 00:00:00;7940;4213;3;3724;114653
23.09.2022 00:00:00;8559;6090;4;2465;70961
24.09.2022 00:00:00;6933;5189;4;1740;65995
25.09.2022 00:00:00;6089;5243;7;839;48737
26.09.2022 00:00:00;10931;6294;9;4628;49117
27.09.2022 00:00:00;15313;5989;6;9318;105146
28.09.2022 00:00:00;12748;4820;7;7921;108005
29.09.2022 00:00:00;13068;5094;5;7969;98804
30.09.2022 00:00:00;12574;8354;9;4211;103387
01.10.2022 00:00:00;10345;7143;4;3198;0
02.10.2022 00:00:00;8520;7237;4;1279;0
03.10.2022 00:00:00;14194;8266;16;5912;172327
04.10.2022 00:00:00;18531;9024;17;9490;128804
05.10.2022 00:00:00;15288;8473;13;6802;125141
06.10.2022 00:00:00;15554;9083;11;6460;117930
07.10.2022 00:00:00;14383;13733;19;631;98895
08.10.2022 00:00:00;11228;12004;13;-789;0
09.10.2022 00:00:00;8684;13149;10;-4475;0
10.10.2022 00:00:00;13360;14549;10;-1199;207714
11.10.2022 00:00:00;18488;15593;11;2884;149627
12.10.2022 00:00:00;14285;10441;15;3829;128285
13.10.2022 00:00:00;13062;11023;14;2025;97483
14.10.2022 00:00:00;11734;16905;10;-5181;0
15.10.2022 00:00:00;8806;15072;8;-6274;0
16.10.2022 00:00:00;6594;15697;13;-9116;0
17.10.2022 00:00:00;9960;14196;10;-4246;213337
18.10.2022 00:00:00;13192;13752;10;-570;123035
19.10.2022 00:00:00;9982;10887;9;-914;126930
20.10.2022 00:00:00;8291;9570;6;-1285;104824
21.10.2022 00:00:00;7741;15880;11;-8150;85090
22.10.2022 00:00:00;5752;14266;13;-8527;0
23.10.2022 00:00:00;3710;12789;18;-9097;0
24.10.2022 00:00:00;6363;11187;12;-4836;172919
25.10.2022 00:00:00;8106;11149;12;-3055;99990
26.10.2022 00:00:00;4433;7329;11;-2907;0
27.10.2022 00:00:00;5249;6894;7;-1652;169786
28.10.2022 00:00:00;5653;11651;11;-6009;59789
29.10.2022 00:00:00;4402;10064;10;-5672;0
30.10.2022 00:00:00;2849;8156;4;-5311;0
31.10.2022 00:00:00;4612;7526;8;-2922;128143
01.11.2022 00:00:00;4089;6500;13;-2424;0
02.11.2022 00:00:00;4490;4626;9;-145;148031
03.11.2022 00:00:00;5902;4659;5;1238;100526
04.11.2022 00:00:00;4499;7488;2;-2991;73425
05.11.2022 00:00:00;3258;5798;7;-2547;0
06.11.2022 00:00:00;2557;4073;3;-1519;0
07.11.2022 00:00:00;3940;5472;6;-1538;142781
08.11.2022 00:00:00;4746;5241;8;-503;95414
09.11.2022 00:00:00;3950;3835;9;106;94829
10.11.2022 00:00:00;3433;3471;8;-46;632026
11.11.2022 00:00:00;3709;4705;4;-1000;65086
12.11.2022 00:00:00;2835;3691;6;-862;0
13.11.2022 00:00:00;2178;5478;9;-3309;0
14.11.2022 00:00:00;3998;4532;7;-541;0
15.11.2022 00:00:00;4898;3872;10;1016;229552
16.11.2022 00:00:00;4508;3339;8;1161;80702
17.11.2022 00:00:00;4246;2834;7;1405;104106
18.11.2022 00:00:00;3840;4416;12;-588;66321
19.11.2022 00:00:00;3083;3934;2;-853;0
20.11.2022 00:00:00;2449;3706;6;-1263;0
21.11.2022 00:00:00;4581;3681;5;895;140757
22.11.2022 00:00:00;5695;3629;7;2059;84804
23.11.2022 00:00:00;4819;2780;8;2031;95633
24.11.2022 00:00:00;4491;2889;8;1594;95087
25.11.2022 00:00:00;4209;4731;1;-523;71485
26.11.2022 00:00:00;3480;4401;6;-927;0
27.11.2022 00:00:00;2974;4539;3;-1568;0
28.11.2022 00:00:00;4798;3871;6;921;146991
29.11.2022 00:00:00;6630;3636;4;2990;-278085
30.11.2022 00:00:00;5309;3131;6;2172;201103
01.12.2022 00:00:00;5107;2331;3;2773;74808